{"cameraMode":{"drawMode":0,"name":"Shaded","section":"Shading Mode"},"sceneLighting":false,"audioPlay":false,"sceneViewState":{"showFog":true,"showMaterialUpdate":false,"showSkybox":false,"showFlares":true,"showImageEffects":true,"showParticleSystems":true},"in2DMode":false,"pivot":{"x":39.970001220703128,"y":2.558281421661377,"z":-40.599998474121097},"rotation":{"x":0.6839651465415955,"y":-0.028424806892871858,"z":0.026688192039728166,"w":0.7284718155860901},"size":2.9858548641204836,"orthographic":true}