{"cameraMode":{"drawMode":0,"name":"Shaded","section":"Shading Mode"},"sceneLighting":true,"audioPlay":false,"sceneViewState":{"showFog":true,"showMaterialUpdate":false,"showSkybox":true,"showFlares":true,"showImageEffects":true,"showParticleSystems":true},"in2DMode":false,"pivot":{"x":48.98863983154297,"y":1.8276597261428834,"z":33.019752502441409},"rotation":{"x":0.6622983813285828,"y":0.004495351575314999,"z":-0.003973838407546282,"w":0.7492159605026245},"size":147.3023681640625,"orthographic":true}